log,log_name,resolution,config,days,status,completed,completed_markers,hit_time_limit,mpi_abort,gpu_mapping_markers,experiment,output,mpp_tmin_s,mpp_tmax_s,mpp_tavg_s,mpp_tstd_s,runtime_per_day_s,fv_backend,fv_calls,fv_allocation_s,fv_h2d_s,fv_kernel_s,fv_sync_s,fv_d2h_s,fv_free_s,fv_total_s,fv_fraction_of_mpp,outlier_note
/panfs/ccds02/nobackup/people/jli30/workspace/GFDL_atmos_cubed_sphere/logs/matrix_T42L25_fortran_16cpu_30day.log,matrix_T42L25_fortran_16cpu_30day.log,T42L25,fortran_16cpu,30,complete,True,30,False,False,0,held_suarez_fortran_16cpu_T42L25_30day,/explore/nobackup/people/jli30/SystemTesting/Isca/isca_data/held_suarez_fortran_16cpu_T42L25_30day/run0001/atmos_monthly.nc,24.164601,24.164602,24.164602,0.0,0.8054867333333333,,,,,,,,,,,
/panfs/ccds02/nobackup/people/jli30/workspace/GFDL_atmos_cubed_sphere/logs/matrix_T42L25_fv_cuda_a_grid_1gpu_30day.log,matrix_T42L25_fv_cuda_a_grid_1gpu_30day.log,T42L25,fv_cuda_a_grid_1gpu,30,complete,True,30,False,False,16,held_suarez_fv_cuda_a_grid_1gpu_T42L25_30day,/explore/nobackup/people/jli30/SystemTesting/Isca/isca_data/held_suarez_fv_cuda_a_grid_1gpu_T42L25_30day/run0001/atmos_monthly.nc,48.609279,48.60928,48.609279,0.0,1.6203093333333334,cuda_resident,8640,0.000224641,1.206813504,17.136703329,17.210181153,0.097103082,0.0,20.572960118,0.42323112208203867,
/panfs/ccds02/nobackup/people/jli30/workspace/GFDL_atmos_cubed_sphere/logs/matrix_T42L25_fv_cuda_a_grid_4gpu_30day.log,matrix_T42L25_fv_cuda_a_grid_4gpu_30day.log,T42L25,fv_cuda_a_grid_4gpu,30,complete,True,30,False,False,16,held_suarez_fv_cuda_a_grid_4gpu_T42L25_30day,/explore/nobackup/people/jli30/SystemTesting/Isca/isca_data/held_suarez_fv_cuda_a_grid_4gpu_T42L25_30day/run0001/atmos_monthly.nc,83.237645,83.23794,83.237811,7.9e-05,2.7745979999999997,cuda_resident,8640,0.000118816,0.471514529,3.422730624,3.326121029,0.085758336,0.0,4.757510076,0.057155548010919065,
/panfs/ccds02/nobackup/people/jli30/workspace/GFDL_atmos_cubed_sphere/logs/matrix_T42L25_fortran_16cpu_60day.log,matrix_T42L25_fortran_16cpu_60day.log,T42L25,fortran_16cpu,60,complete,True,60,False,False,0,held_suarez_fortran_16cpu_T42L25_60day,/explore/nobackup/people/jli30/SystemTesting/Isca/isca_data/held_suarez_fortran_16cpu_T42L25_60day/run0001/atmos_monthly.nc,48.302252,48.302253,48.302253,0.0,0.80503755,,,,,,,,,,,
/panfs/ccds02/nobackup/people/jli30/workspace/GFDL_atmos_cubed_sphere/logs/matrix_T42L25_fv_cuda_a_grid_1gpu_60day.log,matrix_T42L25_fv_cuda_a_grid_1gpu_60day.log,T42L25,fv_cuda_a_grid_1gpu,60,complete,True,60,False,False,16,held_suarez_fv_cuda_a_grid_1gpu_T42L25_60day,/explore/nobackup/people/jli30/SystemTesting/Isca/isca_data/held_suarez_fv_cuda_a_grid_1gpu_T42L25_60day/run0001/atmos_monthly.nc,95.246317,95.246318,95.246317,0.0,1.5874386333333335,cuda_resident,17280,0.000396033,2.46274542,32.391629887,32.572548938,0.190613648,0.0,37.334108418,0.3919742957202818,
/panfs/ccds02/nobackup/people/jli30/workspace/GFDL_atmos_cubed_sphere/logs/matrix_T42L25_fv_cuda_a_grid_4gpu_60day.log,matrix_T42L25_fv_cuda_a_grid_4gpu_60day.log,T42L25,fv_cuda_a_grid_4gpu,60,complete,True,60,False,False,16,held_suarez_fv_cuda_a_grid_4gpu_T42L25_60day,/explore/nobackup/people/jli30/SystemTesting/Isca/isca_data/held_suarez_fv_cuda_a_grid_4gpu_T42L25_60day/run0001/atmos_monthly.nc,167.116114,167.116474,167.116265,0.000107,2.7852745666666667,cuda_resident,17280,0.000124928,0.961501224,6.437022209,6.294507424,0.176658328,0.0,8.297833267,0.0496529939172843,
/panfs/ccds02/nobackup/people/jli30/workspace/GFDL_atmos_cubed_sphere/logs/matrix_T42L25_fortran_16cpu_90day.log,matrix_T42L25_fortran_16cpu_90day.log,T42L25,fortran_16cpu,90,complete,True,90,False,False,0,held_suarez_fortran_16cpu_T42L25_90day,/explore/nobackup/people/jli30/SystemTesting/Isca/isca_data/held_suarez_fortran_16cpu_T42L25_90day/run0001/atmos_monthly.nc,72.853293,72.853294,72.853293,0.0,0.8094810444444445,,,,,,,,,,,
/panfs/ccds02/nobackup/people/jli30/workspace/GFDL_atmos_cubed_sphere/logs/matrix_T42L25_fv_cuda_a_grid_1gpu_90day.log,matrix_T42L25_fv_cuda_a_grid_1gpu_90day.log,T42L25,fv_cuda_a_grid_1gpu,90,complete,True,90,False,False,16,held_suarez_fv_cuda_a_grid_1gpu_T42L25_90day,/explore/nobackup/people/jli30/SystemTesting/Isca/isca_data/held_suarez_fv_cuda_a_grid_1gpu_T42L25_90day/run0001/atmos_monthly.nc,142.028544,142.028545,142.028544,0.0,1.5780949444444445,cuda_resident,25920,0.002722662,3.673132451,41.256051967,41.652249607,0.283081893,0.0,47.903785342,0.3372828000315007,
/panfs/ccds02/nobackup/people/jli30/workspace/GFDL_atmos_cubed_sphere/logs/matrix_T42L25_fv_cuda_a_grid_4gpu_90day.log,matrix_T42L25_fv_cuda_a_grid_4gpu_90day.log,T42L25,fv_cuda_a_grid_4gpu,90,complete,True,90,False,False,16,held_suarez_fv_cuda_a_grid_4gpu_T42L25_90day,/explore/nobackup/people/jli30/SystemTesting/Isca/isca_data/held_suarez_fv_cuda_a_grid_4gpu_T42L25_90day/run0001/atmos_monthly.nc,248.004827,248.00494,248.004866,3.7e-05,2.7556104444444447,cuda_resident,25920,0.000116384,1.417318519,9.790964831,9.588815738,0.253242092,0.0,12.261640233,0.04944111287863862,
/panfs/ccds02/nobackup/people/jli30/workspace/GFDL_atmos_cubed_sphere/logs/matrix_T42L25_fortran_16cpu_120day.log,matrix_T42L25_fortran_16cpu_120day.log,T42L25,fortran_16cpu,120,complete,True,120,False,False,0,held_suarez_fortran_16cpu_T42L25_120day,/explore/nobackup/people/jli30/SystemTesting/Isca/isca_data/held_suarez_fortran_16cpu_T42L25_120day/run0001/atmos_monthly.nc,96.886231,96.887981,96.887745,0.000488,0.8073998416666667,,,,,,,,,,,
/panfs/ccds02/nobackup/people/jli30/workspace/GFDL_atmos_cubed_sphere/logs/matrix_T42L25_fv_cuda_a_grid_1gpu_120day.log,matrix_T42L25_fv_cuda_a_grid_1gpu_120day.log,T42L25,fv_cuda_a_grid_1gpu,120,complete,True,120,False,False,16,held_suarez_fv_cuda_a_grid_1gpu_T42L25_120day,/explore/nobackup/people/jli30/SystemTesting/Isca/isca_data/held_suarez_fv_cuda_a_grid_1gpu_T42L25_120day/run0001/atmos_monthly.nc,188.705846,188.705848,188.705847,0.0,1.5725487333333334,cuda_resident,34560,0.000198176,5.056409869,62.048752919,62.529446711,0.382559891,0.0,70.379995592,0.3729613911700288,
/panfs/ccds02/nobackup/people/jli30/workspace/GFDL_atmos_cubed_sphere/logs/matrix_T42L25_fv_cuda_a_grid_4gpu_120day.log,matrix_T42L25_fv_cuda_a_grid_4gpu_120day.log,T42L25,fv_cuda_a_grid_4gpu,120,complete,True,120,False,False,16,held_suarez_fv_cuda_a_grid_4gpu_T42L25_120day,/explore/nobackup/people/jli30/SystemTesting/Isca/isca_data/held_suarez_fv_cuda_a_grid_4gpu_T42L25_120day/run0001/atmos_monthly.nc,327.697013,327.697249,327.697135,6e-05,2.7308104083333333,cuda_resident,34560,0.000127681,1.967296254,13.294249152,12.999896248,0.353100097,0.0,16.639992153,0.050778553081475525,
/panfs/ccds02/nobackup/people/jli30/workspace/GFDL_atmos_cubed_sphere/logs/matrix_T85L25_fortran_16cpu_30day.log,matrix_T85L25_fortran_16cpu_30day.log,T85L25,fortran_16cpu,30,complete,True,30,False,False,0,held_suarez_fortran_16cpu_T85L25_30day,/explore/nobackup/people/jli30/SystemTesting/Isca/isca_data/held_suarez_fortran_16cpu_T85L25_30day/run0001/atmos_monthly.nc,207.17279,207.172792,207.172791,1e-06,6.9057597333333325,,,,,,,,,,,
/panfs/ccds02/nobackup/people/jli30/workspace/GFDL_atmos_cubed_sphere/logs/matrix_T85L25_fv_cuda_a_grid_1gpu_30day.log,matrix_T85L25_fv_cuda_a_grid_1gpu_30day.log,T85L25,fv_cuda_a_grid_1gpu,30,complete,True,30,False,False,16,held_suarez_fv_cuda_a_grid_1gpu_T85L25_30day,/explore/nobackup/people/jli30/SystemTesting/Isca/isca_data/held_suarez_fv_cuda_a_grid_1gpu_T85L25_30day/run0001/atmos_monthly.nc,264.731348,264.731349,264.731349,0.0,8.824378300000001,cuda_resident,17280,0.001352387,3.228189824,34.065103619,34.453459711,0.252679383,0.0,40.183270039,0.1517888613901937,
/panfs/ccds02/nobackup/people/jli30/workspace/GFDL_atmos_cubed_sphere/logs/matrix_T85L25_fv_cuda_a_grid_4gpu_30day.log,matrix_T85L25_fv_cuda_a_grid_4gpu_30day.log,T85L25,fv_cuda_a_grid_4gpu,30,complete,True,30,False,False,16,held_suarez_fv_cuda_a_grid_4gpu_T85L25_30day,/explore/nobackup/people/jli30/SystemTesting/Isca/isca_data/held_suarez_fv_cuda_a_grid_4gpu_T85L25_30day/run0001/atmos_monthly.nc,287.122293,287.122577,287.122432,8e-05,9.570752566666666,cuda_resident,17280,0.001095871,1.065119857,4.606645409,4.474669473,0.204383916,0.0,6.697644218,0.023326776626137625,
/panfs/ccds02/nobackup/people/jli30/workspace/GFDL_atmos_cubed_sphere/logs/matrix_T85L25_fortran_16cpu_60day.log,matrix_T85L25_fortran_16cpu_60day.log,T85L25,fortran_16cpu,60,complete,True,60,False,False,0,held_suarez_fortran_16cpu_T85L25_60day,/explore/nobackup/people/jli30/SystemTesting/Isca/isca_data/held_suarez_fortran_16cpu_T85L25_60day/run0001/atmos_monthly.nc,410.925256,410.925257,410.925257,0.0,6.848754283333333,,,,,,,,,,,
/panfs/ccds02/nobackup/people/jli30/workspace/GFDL_atmos_cubed_sphere/logs/matrix_T85L25_fv_cuda_a_grid_1gpu_60day.log,matrix_T85L25_fv_cuda_a_grid_1gpu_60day.log,T85L25,fv_cuda_a_grid_1gpu,60,complete,True,60,False,False,16,held_suarez_fv_cuda_a_grid_1gpu_T85L25_60day,/explore/nobackup/people/jli30/SystemTesting/Isca/isca_data/held_suarez_fv_cuda_a_grid_1gpu_T85L25_60day/run0001/atmos_monthly.nc,525.309154,525.309155,525.309154,1e-06,8.755152583333334,cuda_resident,34560,0.004699819,6.491441705,58.161752077,58.763851354,0.519325974,0.0,68.282006895,0.1299844220209716,
/panfs/ccds02/nobackup/people/jli30/workspace/GFDL_atmos_cubed_sphere/logs/matrix_T85L25_fv_cuda_a_grid_4gpu_60day.log,matrix_T85L25_fv_cuda_a_grid_4gpu_60day.log,T85L25,fv_cuda_a_grid_4gpu,60,complete,True,60,False,False,16,held_suarez_fv_cuda_a_grid_4gpu_T85L25_60day,/explore/nobackup/people/jli30/SystemTesting/Isca/isca_data/held_suarez_fv_cuda_a_grid_4gpu_T85L25_60day/run0001/atmos_monthly.nc,611.813632,611.813839,611.813715,6.7e-05,10.196897316666668,cuda_resident,34560,0.000322783,2.141037001,9.253582849,8.982728643,0.394242305,0.0,12.649885643,0.020676037115597182,
/panfs/ccds02/nobackup/people/jli30/workspace/GFDL_atmos_cubed_sphere/logs/matrix_T85L25_fortran_16cpu_90day.log,matrix_T85L25_fortran_16cpu_90day.log,T85L25,fortran_16cpu,90,complete,True,90,False,False,0,held_suarez_fortran_16cpu_T85L25_90day,/explore/nobackup/people/jli30/SystemTesting/Isca/isca_data/held_suarez_fortran_16cpu_T85L25_90day/run0001/atmos_monthly.nc,619.363958,619.363959,619.363959,0.0,6.881821766666667,,,,,,,,,,,
/panfs/ccds02/nobackup/people/jli30/workspace/GFDL_atmos_cubed_sphere/logs/matrix_T85L25_fv_cuda_a_grid_1gpu_90day.log,matrix_T85L25_fv_cuda_a_grid_1gpu_90day.log,T85L25,fv_cuda_a_grid_1gpu,90,complete,True,90,False,False,16,held_suarez_fv_cuda_a_grid_1gpu_T85L25_90day,/explore/nobackup/people/jli30/SystemTesting/Isca/isca_data/held_suarez_fv_cuda_a_grid_1gpu_T85L25_90day/run0001/atmos_monthly.nc,789.8724,789.872403,789.872402,1e-06,8.776360033333333,cuda_resident,51840,0.002744297,10.183941627,85.603727358,86.174913615,0.739012372,0.0,100.078593648,0.12670222844587722,
/panfs/ccds02/nobackup/people/jli30/workspace/GFDL_atmos_cubed_sphere/logs/matrix_T85L25_fv_cuda_a_grid_4gpu_90day.log,matrix_T85L25_fv_cuda_a_grid_4gpu_90day.log,T85L25,fv_cuda_a_grid_4gpu,90,complete,True,90,False,False,16,held_suarez_fv_cuda_a_grid_4gpu_T85L25_90day,/explore/nobackup/people/jli30/SystemTesting/Isca/isca_data/held_suarez_fv_cuda_a_grid_4gpu_T85L25_90day/run0001/atmos_monthly.nc,868.298222,868.299147,868.298709,0.000343,9.6477683,cuda_resident,51840,0.000281504,3.131670707,14.723158206,14.299009687,0.620008118,0.0,19.510408969,0.02246968574875267,
/panfs/ccds02/nobackup/people/jli30/workspace/GFDL_atmos_cubed_sphere/logs/matrix_T85L25_fortran_16cpu_120day.log,matrix_T85L25_fortran_16cpu_120day.log,T85L25,fortran_16cpu,120,complete,True,120,False,False,0,held_suarez_fortran_16cpu_T85L25_120day,/explore/nobackup/people/jli30/SystemTesting/Isca/isca_data/held_suarez_fortran_16cpu_T85L25_120day/run0001/atmos_monthly.nc,825.386467,825.386468,825.386468,0.0,6.878220566666667,,,,,,,,,,,
/panfs/ccds02/nobackup/people/jli30/workspace/GFDL_atmos_cubed_sphere/logs/matrix_T85L25_fv_cuda_a_grid_1gpu_120day.log,matrix_T85L25_fv_cuda_a_grid_1gpu_120day.log,T85L25,fv_cuda_a_grid_1gpu,120,complete,True,120,False,False,16,held_suarez_fv_cuda_a_grid_1gpu_T85L25_120day,/explore/nobackup/people/jli30/SystemTesting/Isca/isca_data/held_suarez_fv_cuda_a_grid_1gpu_T85L25_120day/run0001/atmos_monthly.nc,1052.427252,1052.427253,1052.427253,0.0,8.770227108333334,cuda_resident,69120,0.005349138,13.792298509,124.383446947,125.177644423,0.95744422,0.0,143.154878639,0.1360235381884395,
/panfs/ccds02/nobackup/people/jli30/workspace/GFDL_atmos_cubed_sphere/logs/matrix_T85L25_fv_cuda_a_grid_4gpu_120day.log,matrix_T85L25_fv_cuda_a_grid_4gpu_120day.log,T85L25,fv_cuda_a_grid_4gpu,120,complete,True,120,False,False,16,held_suarez_fv_cuda_a_grid_4gpu_T85L25_120day,/explore/nobackup/people/jli30/SystemTesting/Isca/isca_data/held_suarez_fv_cuda_a_grid_4gpu_T85L25_120day/run0001/atmos_monthly.nc,1146.067568,1146.067762,1146.067662,5.3e-05,9.550564683333333,cuda_resident,69120,0.000331809,4.246994748,18.405145662,17.88144654,0.787639148,0.0,24.700332441,0.02155224434364641,
/panfs/ccds02/nobackup/people/jli30/workspace/GFDL_atmos_cubed_sphere/logs/matrix_T170L25_fortran_16cpu_30day.log,matrix_T170L25_fortran_16cpu_30day.log,T170L25,fortran_16cpu,30,complete,True,30,False,False,0,held_suarez_fortran_16cpu_T170L25_30day,/explore/nobackup/people/jli30/SystemTesting/Isca/isca_data/held_suarez_fortran_16cpu_T170L25_30day/run0001/atmos_monthly.nc,2259.014376,2259.014377,2259.014377,0.0,75.30047923333333,,,,,,,,,,,
/panfs/ccds02/nobackup/people/jli30/workspace/GFDL_atmos_cubed_sphere/logs/matrix_T170L25_fv_cuda_a_grid_1gpu_30day.log,matrix_T170L25_fv_cuda_a_grid_1gpu_30day.log,T170L25,fv_cuda_a_grid_1gpu,30,complete,True,30,False,False,16,held_suarez_fv_cuda_a_grid_1gpu_T170L25_30day,/explore/nobackup/people/jli30/SystemTesting/Isca/isca_data/held_suarez_fv_cuda_a_grid_1gpu_T170L25_30day/run0001/atmos_monthly.nc,2349.298233,2349.298236,2349.298234,1e-06,78.3099412,cuda_resident,34560,0.001499621,10.460315081,54.493526491,54.951689137,0.823847674,0.0,68.931678541,0.02934139118001704,
/panfs/ccds02/nobackup/people/jli30/workspace/GFDL_atmos_cubed_sphere/logs/matrix_T170L25_fv_cuda_a_grid_4gpu_30day.log,matrix_T170L25_fv_cuda_a_grid_4gpu_30day.log,T170L25,fv_cuda_a_grid_4gpu,30,complete,True,30,False,False,16,held_suarez_fv_cuda_a_grid_4gpu_T170L25_30day,/explore/nobackup/people/jli30/SystemTesting/Isca/isca_data/held_suarez_fv_cuda_a_grid_4gpu_T170L25_30day/run0001/atmos_monthly.nc,11294.293049,11294.293419,11294.29322,9.2e-05,376.47644729999996,cuda_resident,34560,0.002449989,3.271010846,7.230484672,6.785724091,0.846044259,0.0,12.425837795,0.001100187265729828,completed but performance outlier
/panfs/ccds02/nobackup/people/jli30/workspace/GFDL_atmos_cubed_sphere/logs/matrix_T170L25_fortran_16cpu_60day.log,matrix_T170L25_fortran_16cpu_60day.log,T170L25,fortran_16cpu,60,complete,True,60,False,False,0,held_suarez_fortran_16cpu_T170L25_60day,/explore/nobackup/people/jli30/SystemTesting/Isca/isca_data/held_suarez_fortran_16cpu_T170L25_60day/run0001/atmos_monthly.nc,4535.960442,4535.960443,4535.960443,0.0,75.59934071666666,,,,,,,,,,,
/panfs/ccds02/nobackup/people/jli30/workspace/GFDL_atmos_cubed_sphere/logs/matrix_T170L25_fv_cuda_a_grid_1gpu_60day.log,matrix_T170L25_fv_cuda_a_grid_1gpu_60day.log,T170L25,fv_cuda_a_grid_1gpu,60,complete,True,60,False,False,16,held_suarez_fv_cuda_a_grid_1gpu_T170L25_60day,/explore/nobackup/people/jli30/SystemTesting/Isca/isca_data/held_suarez_fv_cuda_a_grid_1gpu_T170L25_60day/run0001/atmos_monthly.nc,4733.146763,4733.146763,4733.146763,0.0,78.88577938333333,cuda_resident,69120,0.007275864,20.511201979,111.846154654,113.343269099,1.738125165,0.0,139.122890647,0.029393318570755674,
/panfs/ccds02/nobackup/people/jli30/workspace/GFDL_atmos_cubed_sphere/logs/matrix_T170L25_fv_cuda_a_grid_4gpu_60day.log,matrix_T170L25_fv_cuda_a_grid_4gpu_60day.log,T170L25,fv_cuda_a_grid_4gpu,60,partial_time_limit,False,44,True,False,16,held_suarez_fv_cuda_a_grid_4gpu_T170L25_60day,,,,,,,,,,,,,,,,,
/panfs/ccds02/nobackup/people/jli30/workspace/GFDL_atmos_cubed_sphere/logs/matrix_T170L25_fortran_16cpu_90day.log,matrix_T170L25_fortran_16cpu_90day.log,T170L25,fortran_16cpu,90,complete,True,90,False,False,0,held_suarez_fortran_16cpu_T170L25_90day,/explore/nobackup/people/jli30/SystemTesting/Isca/isca_data/held_suarez_fortran_16cpu_T170L25_90day/run0001/atmos_monthly.nc,6641.084747,6641.084748,6641.084747,0.0,73.78983053333333,,,,,,,,,,,
/panfs/ccds02/nobackup/people/jli30/workspace/GFDL_atmos_cubed_sphere/logs/matrix_T170L25_fv_cuda_a_grid_1gpu_90day.log,matrix_T170L25_fv_cuda_a_grid_1gpu_90day.log,T170L25,fv_cuda_a_grid_1gpu,90,complete,True,90,False,False,16,held_suarez_fv_cuda_a_grid_1gpu_T170L25_90day,/explore/nobackup/people/jli30/SystemTesting/Isca/isca_data/held_suarez_fv_cuda_a_grid_1gpu_T170L25_90day/run0001/atmos_monthly.nc,7105.579312,7105.579313,7105.579313,0.0,78.95088125555556,cuda_resident,103680,0.004195726,29.995102531,160.236314891,162.230701523,2.479250907,0.0,199.037068884,0.028011378118016652,
